barcode,name,brand,category,price,promo_price,in_stock,product_url,image_url
5056000505910,Kendamil First Infant Milk 1 From Birth 800g,Kendamil,Baby & Toddler / Formula Milk,11.35,,true,https://www.sainsburys.co.uk/gol-ui/product/kendamil-first-infant-milk-1-from-birth-800g,
5056000502926,Kendamil Organic First Infant Milk 1 From Birth 800g,Kendamil,Baby & Toddler / Formula Milk,12.45,,true,https://www.sainsburys.co.uk/gol-ui/product/kendamil-organic-first-infant-milk-stage-1-from-birth-800g,
5060107330276,Ella's Kitchen Apples Plus Bananas 120G,Ella's Kitchen,Baby & Toddler / Fruit Puree,1.40,,true,https://www.sainsburys.co.uk/webapp/wcs/stores/servlet/gb/groceries/pouches-44,
5060107330368,Ella's Kitchen Strawberries Plus Apples 120G,Ella's Kitchen,Baby & Toddler / Fruit Puree,1.40,,true,https://www.sainsburys.co.uk/webapp/wcs/stores/servlet/gb/groceries/pouches-44,
5000157079978,"Heinz Peach, Mango, Banana & Apple Baby Food Fruit Puree Pouch 100g",Heinz,Baby & Toddler / Fruit Puree,1.25,1.00,true,https://www.sainsburys.co.uk/webapp/wcs/stores/servlet/gb/groceries/pouches-44,
5060107330382,Ella's Kitchen Peaches Plus Bananas 120G,Ella's Kitchen,Baby & Toddler / Fruit Puree,1.40,,true,https://www.sainsburys.co.uk/webapp/wcs/stores/servlet/gb/groceries/pouches-44,
5060107332614,Ella's Kitchen Apples First Tastes 70G,Ella's Kitchen,Baby & Toddler / Fruit Puree,1.00,,true,https://www.sainsburys.co.uk/webapp/wcs/stores/servlet/gb/groceries/pouches-44,
5060107332621,Ella's Kitchen Pears First Tastes 70G,Ella's Kitchen,Baby & Toddler / Fruit Puree,1.00,,true,https://www.sainsburys.co.uk/webapp/wcs/stores/servlet/gb/groceries/pouches-44,
5051594006812,Aptamil 1 First Baby Milk Formula Powder from Birth 800g,Aptamil,Baby & Toddler / Formula Milk,12.80,,true,https://www.sainsburys.co.uk/webapp/wcs/stores/servlet/gb/groceries/baby-milk---drinks/first-milk-0-to-12-months-323370-44,
5051594006874,Cow & Gate 1 First Infant Baby Milk Formula Powder from Birth 800g,Cow & Gate,Baby & Toddler / Formula Milk,9.30,,true,https://www.sainsburys.co.uk/webapp/wcs/stores/servlet/gb/groceries/baby-milk---drinks/first-milk-0-to-12-months-323370-44,
7613035477872,SMA First Infant Baby Milk Powder Formula From Birth 800g,SMA,Baby & Toddler / Formula Milk,13.00,,true,https://www.sainsburys.co.uk/webapp/wcs/stores/servlet/gb/groceries/baby-milk---drinks/first-milk-0-to-12-months-323370-44,
4062300139008,"HiPP Organic 1 First Infant Baby Milk Powder Formula, From Birth, 800g",HiPP Organic,Baby & Toddler / Formula Milk,13.50,,true,https://www.sainsburys.co.uk/webapp/wcs/stores/servlet/gb/groceries/baby-milk---drinks/first-milk-0-to-12-months-323370-44,
7613036926744,Little Steps First Infant Baby Milk Formula Powder from Birth 800g,Little Steps,Baby & Toddler / Formula Milk,8.43,,true,https://www.sainsburys.co.uk/webapp/wcs/stores/servlet/gb/groceries/baby-milk---drinks/first-milk-0-to-12-months-323370-44,
5051594006829,Aptamil 2 Follow On Baby Milk Formula Powder 6-12 Months 800g,Aptamil,Baby & Toddler / Formula Milk,13.50,,true,https://www.sainsburys.co.uk/webapp/wcs/stores/servlet/gb/groceries/follow-on-milk-6-month/follow-on-milk-6-month,
5051594006881,Cow & Gate 2 Follow On Baby Milk Formula Powder 6-12 Months 800g,Cow & Gate,Baby & Toddler / Formula Milk,11.00,,true,https://www.sainsburys.co.uk/webapp/wcs/stores/servlet/gb/groceries/follow-on-milk-6-month/follow-on-milk-6-month,
7613035477742,SMA Follow-On Baby Milk Powder Formula 6-12 Months 800g,SMA,Baby & Toddler / Formula Milk,13.50,,true,https://www.sainsburys.co.uk/webapp/wcs/stores/servlet/gb/groceries/follow-on-milk-6-month/follow-on-milk-6-month,
4062300460492,"HiPP Organic 2 Follow on Baby Milk Powder Formula, From 6 Months, 800g",HiPP Organic,Baby & Toddler / Formula Milk,13.50,,true,https://www.sainsburys.co.uk/webapp/wcs/stores/servlet/gb/groceries/follow-on-milk-6-month/follow-on-milk-6-month,
3041091431998,Cow & Gate Banana Porridge 125G,Cow & Gate,Baby & Toddler / Porridge,2.10,1.80,true,https://www.sainsburys.co.uk/webapp/wcs/stores/servlet/gb/groceries/baby-meals/cereals-44,
3041091427717,Cow & Gate Creamy Porridge Cereal 125g 4 Month+,Cow & Gate,Baby & Toddler / Porridge,2.10,1.80,true,https://www.sainsburys.co.uk/webapp/wcs/stores/servlet/gb/groceries/baby-meals/cereals-44,
5051594002050,Cow & Gate Multigrain Banana Porridge Baby Cereal 200g,Cow & Gate,Baby & Toddler / Porridge,2.75,2.25,true,https://www.sainsburys.co.uk/webapp/wcs/stores/servlet/gb/groceries/baby-meals/cereals-44,
5051594008281,Aptamil Creamed Porridge Cereal 125g 4 Month+,Aptamil,Baby & Toddler / Porridge,2.40,2.15,true,https://www.sainsburys.co.uk/webapp/wcs/stores/servlet/gb/groceries/baby-meals/cereals-44,
5051594008304,Aptamil Creamed Banana Porridge Baby Cereal 125g,Aptamil,Baby & Toddler / Porridge,2.40,2.15,true,https://www.sainsburys.co.uk/webapp/wcs/stores/servlet/gb/groceries/baby-meals/cereals-44,
5900852921254,Aptamil Multigrain Breakfast Cereal 200g 7 Month+,Aptamil,Baby & Toddler / Porridge,3.20,2.75,true,https://www.sainsburys.co.uk/webapp/wcs/stores/servlet/gb/groceries/baby-meals/cereals-44,
5051594008342,Aptamil Multigrain Banana & Berry Cereal 200g 7 Month+,Aptamil,Baby & Toddler / Porridge,3.75,2.75,true,https://www.sainsburys.co.uk/webapp/wcs/stores/servlet/gb/groceries/baby-meals/cereals-44,
5000157079800,Heinz Spaghetti Bolognese Baby Food Pouch 180g,Heinz,Baby & Toddler / Baby Meals,2.00,,true,https://www.sainsburys.co.uk/webapp/wcs/stores/servlet/gb/groceries/stage-3-10-months-up-,
5000157079893,Heinz Sweet & Sour Chicken Baby Food Pouch 180g,Heinz,Baby & Toddler / Baby Meals,2.00,,true,https://www.sainsburys.co.uk/webapp/wcs/stores/servlet/gb/groceries/stage-3-10-months-up-,
5000157079794,Heinz Thai Chicken Curry Baby Food Pouch 180g,Heinz,Baby & Toddler / Baby Meals,2.00,,true,https://www.sainsburys.co.uk/webapp/wcs/stores/servlet/gb/groceries/stage-3-10-months-up-,
5060107332249,Ella's Kitchen Organic Chicken & Rice Casserole Baby Food Pouch 10+ Months 190g,Ella's Kitchen,Baby & Toddler / Baby Meals,2.20,,true,https://www.sainsburys.co.uk/webapp/wcs/stores/servlet/gb/groceries/stage-3-10-months-up-,
5060107338920,Ella's Kitchen Organic Chicken Curry with Veggie Rice Baby Food Pouch 10+ Months 190g,Ella's Kitchen,Baby & Toddler / Baby Meals,2.20,,true,https://www.sainsburys.co.uk/webapp/wcs/stores/servlet/gb/groceries/stage-3-10-months-up-,
5060107331365,Ella's Kitchen Organic Cottage Pie Baby Food Pouch 10+ Months 190g,Ella's Kitchen,Baby & Toddler / Baby Meals,2.10,,true,https://www.sainsburys.co.uk/webapp/wcs/stores/servlet/gb/groceries/stage-3-10-months-up-,
5060107333956,Ella's Kitchen Organic Lamb Roast Dinner Baby Food Pouch 10+ Months 190g,Ella's Kitchen,Baby & Toddler / Baby Meals,2.20,,true,https://www.sainsburys.co.uk/webapp/wcs/stores/servlet/gb/groceries/stage-3-10-months-up-,
5060107331327,Ella's Kitchen Organic Tomato-y Pasta Baby Food Pouch 10+ Months 190g,Ella's Kitchen,Baby & Toddler / Baby Meals,2.20,,true,https://www.sainsburys.co.uk/webapp/wcs/stores/servlet/gb/groceries/stage-3-10-months-up-,
5060107333970,Ella's Kitchen Organic Beef Stew with Potatoes Baby Food Pouch 10+ Months 190g,Ella's Kitchen,Baby & Toddler / Baby Meals,2.20,,true,https://www.sainsburys.co.uk/webapp/wcs/stores/servlet/gb/groceries/stage-3-10-months-up-,
